scenario,controller,valid,RMSE,MAE,P95Error,IAE,MaxError,FinalError,ControlEffort,ControlVariation,CPU_mean_ms,CPU_max_ms
S1,pid,True,0.048540666993237114,0.04232674896636868,0.09149472401175689,1.2698024689910605,0.13166226166196565,0.05643803408867621,22.848266897967562,51.91412072136673,0.23952111666706818,0.6173599999783619
S1,fixed,True,0.06176150551228487,0.05659735014004505,0.09549949192183772,1.6979205042013517,0.09633823641085597,0.07766926946714311,0.037859230178755615,0.024998956122654854,19.679894371668258,36.9356119999793
S1,adaptive,True,0.06673961711547399,0.06233316508450521,0.09966476396935108,1.8699949525351565,0.11336836607413202,0.07973066207703088,0.08988708070310751,0.10443072509899275,19.66144245333491,44.87684800005809
S2,pid,True,0.07338733664037804,0.06484427139197554,0.12439234002762467,1.9453281417592665,0.17824451620685258,0.08718922671315713,31.794840181303336,56.11243334898212,0.22175065666544924,0.4702180000322187
S2,fixed,True,0.14353946637105502,0.10986998180792938,0.2850419836937245,3.2960994542378814,0.28764775180080554,0.07767211337738023,0.4400511548116896,0.030696588677616838,20.32927429499826,94.83593100003418
S2,adaptive,True,0.14751525511613373,0.11672661942599527,0.289346834482644,3.5017985827798586,0.29428189497107815,0.08173810643430818,0.4911358943787134,0.10970283892189353,20.049099891663598,41.18933500001276
S3,pid,True,0.09767446362853861,0.0886552520000123,0.15160180185021765,2.659657560000369,0.21426355118430915,0.11298789204862217,149.04173203382823,56.46404622314438,0.22469901166819758,0.45469600001979416
S3,fixed,True,0.06042808623727022,0.05487500841082232,0.10500146254265856,1.6462502523246696,0.132312268777677,0.04078743139216309,96.7640745572456,0.25070329877167546,21.453630446667564,110.84061700000802
S3,adaptive,True,0.06996703907686,0.06516776633959627,0.11169564653237157,1.9550329901878882,0.18337351542594027,0.0531408072738507,96.92737537682395,0.4452179299572448,19.644056319994736,41.7132729999139
