trial,scenario,controller,wind_amplitude,mass_ratio,RMSE,MAE,P95Error,IAE,MaxError,FinalError,ControlEffort,ControlVariation,CPU_mean_ms,CPU_max_ms
0,S2,pid,1.9721181699651607,,0.08795445324681925,0.07609908670190371,0.16203862565865285,2.2829726010571116,0.24195001107315203,0.06286767202761047,39.65510140208029,58.8670097877997,0.22203447500241205,1.52522299993052
0,S2,fixed,1.9721181699651607,,0.18468878571913067,0.1359363506980829,0.3867729512076811,4.078090520942488,0.44929438866828497,0.06644554360619848,4.996456062617297,4.572050614254347,19.947416061663336,41.51178899996921
0,S2,adaptive,1.9721181699651607,,0.18698236534632232,0.14130448159972184,0.38868859356086793,4.239134447991655,0.449544063766337,0.07309325870885103,4.8882455284621305,4.447986833290728,19.968811871666503,36.751286000026084
1,S3,pid,,0.9652306191070772,0.057220617056396535,0.05044720787509734,0.10350313041645143,1.5134162362529204,0.133577157409842,0.03631636406583714,26.077042923302557,56.91053873009728,0.2781301516652472,2.136311999947793
1,S3,fixed,,0.9652306191070772,0.06591633457280931,0.060333724580901166,0.11407432602229096,1.8100117374270352,0.1321196350416873,0.06223205765217112,5.118033035080428,4.896228071229363,18.73404627333324,42.11570700010725
1,S3,adaptive,,0.9652306191070772,0.07219927554691052,0.06811044820635678,0.11811121044552783,2.0433134461907034,0.1321196350416873,0.07305267658566583,5.056898559133518,4.817330002738642,19.82156410666524,52.14236400001937
2,S2,pid,1.4536944688728612,,0.06935004153951184,0.06134397001047778,0.12520108904544786,1.8403191003143335,0.15157254905978515,0.02625965619859191,32.16626936620151,55.202790317769384,0.33014121499888915,1.1255950000759185
2,S2,fixed,1.4536944688728612,,0.1307064349739592,0.09976047039886289,0.27069103269106437,2.992814111965887,0.2885092916187201,0.05699330226418742,3.9997994402264156,4.33027051458148,19.127887103334917,43.98762000005263
2,S2,adaptive,1.4536944688728612,,0.1336241861340235,0.10484359812065593,0.2765382558021709,3.145307943619678,0.29168814104966884,0.06273427923393346,3.9461889553738234,4.282340576955423,19.895700333332798,43.967682000015884
3,S3,pid,,1.0809661929198024,0.06467741545596903,0.05973479387465522,0.10811746030488051,1.7920438162396566,0.15912322484213626,0.03918268198475957,47.21642342599453,55.07584698515616,0.3190402733349629,1.5399919999481426
3,S3,fixed,,1.0809661929198024,0.06362802088145438,0.05806298753811394,0.1010090871507062,1.7418896261434182,0.16249801998955657,0.03661667914436342,16.020828747312486,4.513375889254153,18.760743378333967,48.03793400003542
3,S3,adaptive,,1.0809661929198024,0.06625150293255994,0.061846758531582634,0.10224824319524303,1.855402755947479,0.16249801998955657,0.032959991321064266,16.05226473797501,4.81680654044278,18.482515620002573,56.75875800000085
4,S2,pid,1.6487497071345252,,0.08944856908195127,0.07730592101934754,0.16113437470690675,2.3191776305804264,0.2991508942897453,0.036653720458199084,55.98607727112292,62.363255442147945,0.3124302383306106,2.6246520000086093
4,S2,fixed,1.6487497071345252,,0.1570646624119433,0.11825804015553248,0.31330897687688547,3.5477412046659746,0.33134014311701987,0.0858903693069043,3.7916568490359084,4.515516215544586,19.727870038335404,45.62122400000135
4,S2,adaptive,1.6487497071345252,,0.15975941582527747,0.12311071398037952,0.31781851610872514,3.693321419411386,0.33247809980960696,0.09199114728614205,3.6956209485803293,4.433436747367863,19.47362370166104,44.31942500002606
5,S3,pid,,1.0717990267994402,0.07419205608995541,0.06749591154776692,0.12406986227360528,2.024877346433008,0.1696762515564271,0.11147744168719088,57.10431408126058,58.952910727399995,0.23577132666749398,0.8389250000391257
5,S3,fixed,,1.0717990267994402,0.06928057340013385,0.06236950566435212,0.11803864760961172,1.8710851699305637,0.17994909778360732,0.021977169295638904,10.86045225151497,4.514095026357353,19.72332513333375,48.2922729999018
5,S3,adaptive,,1.0717990267994402,0.07340649647429381,0.06759412788628563,0.12171533852938327,2.0278238365885692,0.17994909778360732,0.023345515939523068,10.879526090393876,4.632938513375748,19.618942446667234,36.91908199994032
6,S2,pid,1.5220401844450517,,0.07726775464379894,0.0671851524265614,0.13262116473119556,2.0155545727968422,0.2417267458036745,0.05461020258833092,26.477870824061597,56.03033866618013,0.22328047666405837,1.4351859999806038
6,S2,fixed,1.5220401844450517,,0.13954507024866078,0.10531820217182061,0.31354755934554546,3.1595460651546183,0.3369503473007897,0.06416608679074337,4.077525679888734,4.462870647315877,19.54652263666636,41.12469599999713
6,S2,adaptive,1.5220401844450517,,0.14299144064059657,0.11103696602431398,0.31614633116713636,3.33110898072942,0.3393322557564555,0.06975812760210318,3.9529457661090577,4.280895488042398,20.009333571668055,37.87174400008553
7,S3,pid,,1.043643119912332,0.07186265291060158,0.06490165384690039,0.12295085418779793,1.9470496154070116,0.16591459461253083,0.15867665201249892,45.04057734779643,58.840681579615286,0.2393957883358174,0.7081990000870064
7,S3,fixed,,1.043643119912332,0.06379398938642755,0.05635755567093859,0.11156901708446253,1.690726670128158,0.14078460677885163,0.030502203386083646,5.411994714859632,3.965345017487492,19.509345044996092,40.14073999996981
7,S3,adaptive,,1.043643119912332,0.0669628156457088,0.06069875715056156,0.11541365126259999,1.820962714516847,0.1418214694661628,0.028092902448381227,5.4603457527914125,4.130481751034146,19.70010386000278,39.329531000021234
8,S2,pid,1.29387615153304,,0.07164554708464736,0.06464732495093202,0.11864821816963111,1.9394197485279605,0.1544739434655577,0.029937421921829136,29.469586430856396,55.92723146176736,0.2316720949985059,0.7506929999863132
8,S2,fixed,1.29387615153304,,0.107805866817782,0.08543998622140722,0.24225764898133917,2.5631995866422166,0.2624492857479252,0.06872465703191297,3.9446287385998944,4.726363726458273,19.48246078999906,42.537457999969774
8,S2,adaptive,1.29387615153304,,0.11164476053669761,0.09152178475186258,0.24679435035105923,2.745653542555878,0.26579083391880176,0.07426207895192254,3.828878868748712,4.561956421451701,20.022521488330465,44.66321500012782
9,S3,pid,,0.8780954635679644,3.3155378061340124,1.10292500633346,10.624383130213637,33.0877501900038,13.782723250381032,0.17044173812266233,525.5326093311273,61.438248276726426,0.21832738000474214,0.46129900010782876
9,S3,fixed,,0.8780954635679644,0.06649856858395738,0.060472935766016464,0.10583282709106212,1.814188072980494,0.14006809039704626,0.043807966263912056,23.882749144176337,4.752481597101251,19.50659010499976,38.22326499994233
9,S3,adaptive,,0.8780954635679644,0.07062955488284992,0.06596223961230083,0.10798842487922646,1.978867188369025,0.14006809039704626,0.04908659823150383,23.790492808228795,4.562640427575907,20.07966357833349,41.250171999990926
10,S2,pid,1.5205303177173637,,0.070068313335521,0.0619027775607723,0.12207568420172124,1.8570833268231692,0.17305046657103185,0.08108669549302092,28.93759382145265,55.42716421320964,0.2261620066675126,0.7166929999584681
10,S2,fixed,1.5205303177173637,,0.13734897470190388,0.10840297195211773,0.2680193698525341,3.252089158563532,0.29544219180499237,0.07743122873430981,3.9338862382319038,4.45781016725991,19.975629200002157,43.38578200008669
10,S2,adaptive,1.5205303177173637,,0.14017704383828025,0.11336277221436562,0.2718732714054858,3.400883166430969,0.29858176786581087,0.08161130302679828,3.8217534324219002,4.343483436747833,20.04866258499722,42.578424000112136
11,S3,pid,,1.2049433928088467,0.08396157743184476,0.07639504592370024,0.1266851943549939,2.291851377711007,0.17634278472388787,0.0980986925990164,108.48564581813639,56.150248197606494,0.21453074500110839,0.7089810001161823
11,S3,fixed,,1.2049433928088467,0.06552851507345646,0.058429344249043565,0.11069234101487796,1.7528803274713072,0.1635943198481962,0.054648910351661986,65.52336935778013,4.276344557033563,19.526432081673118,45.41800200013313
11,S3,adaptive,,1.2049433928088467,0.07165854062383645,0.06631116286235617,0.115291974533281,1.9893348858706852,0.1635943198481962,0.06302777576598995,65.6689342808748,4.37117736836462,19.34544979833542,44.688307000114946
12,S2,pid,1.2430999482877798,,0.06750387102162267,0.061309844717503025,0.11537450123128785,1.8392953415250908,0.15353084340633766,0.04955823398588688,31.65808211622368,57.47575868153497,0.22020814666992314,0.8338530001310573
12,S2,fixed,1.2430999482877798,,0.113527644306838,0.08899301927202796,0.24880280374621305,2.669790578160839,0.2592254954870648,0.09682855839051978,4.232685715748032,5.292056314183058,19.767267518333256,39.13716400006706
12,S2,adaptive,1.2430999482877798,,0.11763652381719839,0.09513182314667404,0.25204243536880266,2.853954694400221,0.26256048916681274,0.09923175141243934,4.142216031809272,5.074880738422176,19.94041128166714,38.08630599996832
13,S3,pid,,0.8707764339904667,0.07655363181784441,0.06932311646154062,0.12078213959250364,2.079693493846219,0.2164355676952728,0.04266928080715533,42.4015573921797,56.9148508118069,0.22276051500739413,0.4163529999914317
13,S3,fixed,,0.8707764339904667,0.07020408276687636,0.06353961532545102,0.1183881890850669,1.9061884597635306,0.1719124393309464,0.03981399859117172,36.16526852737606,5.029761832560538,19.605102484994557,39.868681000143624
13,S3,adaptive,,0.8707764339904667,0.072826042271983,0.06755213719906941,0.11821635575615393,2.026564115972082,0.1719124393309464,0.041761141091484454,36.16286735593089,4.936590799855429,19.74070839166605,38.7025380000523
14,S2,pid,1.3177763677825072,,0.0738460706585417,0.06477074835575582,0.12265534809082995,1.9431224506726748,0.2495504909909269,0.05665770005260354,34.383095461435175,57.87096013645744,0.22298729999837028,0.5315830001109134
14,S2,fixed,1.3177763677825072,,0.10975511355912607,0.08570047805792598,0.2624289436572293,2.5710143417377793,0.30308460863629416,0.07194719139940238,4.411585126421738,4.589854742599055,19.64040783499475,43.70000800008711
14,S2,adaptive,1.3177763677825072,,0.11333731787742353,0.09094259272252807,0.2658935393526175,2.728277781675842,0.30633659873926544,0.07755079637837847,4.254938266160531,4.328457682640618,20.166935346666907,42.28603900014605
15,S3,pid,,1.2621733910233566,0.10812802893564584,0.1011995700160833,0.1495285554011276,3.035987100482499,0.20510852333142165,0.13831124293795027,193.6807123149573,54.64127005408693,0.2629144149993105,0.7920549999198556
15,S3,fixed,,1.2621733910233566,0.0643531656628235,0.057986640948550355,0.1084470379123778,1.7395992284565107,0.13557089268529252,0.026972792856357595,140.0932081921255,4.426759774750097,18.72150521833267,38.683899000034216
15,S3,adaptive,,1.2621733910233566,0.07133102589590212,0.06640361205539312,0.11441565736004217,1.9921083616617936,0.13557089268529252,0.042377806084767516,140.28617941272523,4.9017305144161725,18.995414396671702,48.13360599996486
16,S2,pid,0.7359094044526393,,0.07314665273941934,0.06451061778219375,0.1347058249097688,1.9353185334658125,0.1691416761960009,0.031693678210077715,39.52594974186558,58.30808574423487,0.2799710583360593,0.5762409998624207
16,S2,fixed,0.7359094044526393,,0.08981619854949256,0.07389039925279155,0.1956480071051042,2.2167119775837465,0.22771434196628507,0.08739442481596649,3.5969212943974074,4.346626533687939,19.113245338331428,51.204427000129726
16,S2,adaptive,0.7359094044526393,,0.09451479249278999,0.08048584138865515,0.20104873268008444,2.4145752416596546,0.2319187424636008,0.09139012764559774,3.6104462768722323,4.318841130863228,20.007068348331813,57.36111400005939
17,S3,fixed,,0.8047533609818758,0.07625495317204303,0.07020101067449051,0.12781464522165878,2.1060303202347153,0.16942439818081975,0.05988812626065571,71.89599492689318,4.744289510264408,18.871545743331808,43.08870999989267
17,S3,adaptive,,0.8047533609818758,0.07711174149273041,0.07245466894029326,0.12569978239407692,2.173640068208798,0.16942439818081975,0.05903100348829518,72.03530687295499,4.930234955896937,19.854347916666864,48.05265100003453
18,S2,pid,1.9051781847997296,,0.06391580186404526,0.056997265352407504,0.10737648092741969,1.7099179605722252,0.16747577040591366,0.08238366779182185,27.68488160753371,56.25677179646348,0.29373396332706153,1.8166840000048978
18,S2,fixed,1.9051781847997296,,0.16216894622309241,0.11648587424128552,0.3733507912328644,3.494576227238566,0.39884116036784073,0.04627507722126354,5.004602257831417,5.205450074774198,19.730473948325198,36.92425100007313
18,S2,adaptive,1.9051781847997296,,0.16491270233355027,0.1222018167836639,0.3769983750428417,3.6660545035099172,0.4014177087952038,0.0544371149106103,4.9382825820944,5.182893150701897,19.882620959996302,42.7854209999623
19,S3,fixed,,0.9223416977816825,0.07266334839656324,0.06610021152511215,0.12717254610104714,1.9830063457533649,0.16029332200124233,0.05296911739988064,14.281921562316661,4.7217900590837205,19.781381843334128,38.52430400002049
19,S3,adaptive,,0.9223416977816825,0.0775767686381121,0.0728496740043586,0.12836370718949208,2.185490220130758,0.16029332200124233,0.05861132392625353,14.156877423122985,4.519721343966184,19.95455986667025,38.11689300005128
20,S2,pid,1.6018435609678843,,0.07605083762708575,0.06564581249964911,0.13854600801277966,1.9693743749894734,0.17890212183081283,0.059066910677267326,32.515416999686515,56.6793612347306,0.22431885000022098,0.6770820000383537
20,S2,fixed,1.6018435609678843,,0.13627257922922764,0.10106576534989382,0.31951838402372557,3.031972960496815,0.33082969615219393,0.08296999532437957,4.349414787419258,4.86701794792668,19.456579849999873,38.46848900002442
20,S2,adaptive,1.6018435609678843,,0.13897783485035808,0.10597353348518256,0.32287585455151446,3.1792060045554766,0.3347561705942679,0.08663162635691218,4.355601664882221,4.891155423413735,19.867782581668887,41.732550000006086
21,S3,pid,,0.9841210322568721,0.061349002912804845,0.05554536583585038,0.10309732366211403,1.6663609750755115,0.14977773920980225,0.04838158856199369,24.94216873093807,55.88517214198289,0.21876079166645468,0.6126290002157475
21,S3,fixed,,0.9841210322568721,0.0716787345209492,0.06560474516887965,0.1212033866682238,1.9681423550663895,0.18295070510525505,0.04653191026000925,4.362362789801503,4.655435724945924,19.562632243337628,42.64567799987162
21,S3,adaptive,,0.9841210322568721,0.07595596360036208,0.07094056506074531,0.12469141673770609,2.1282169518223593,0.18295070510525505,0.05056872446302868,4.297897309270475,4.575228534292548,20.20310624999297,41.373617000090235
22,S2,pid,0.9922104514963951,,0.4734575247241975,0.15910778672779174,0.400742119037377,4.773233601833752,3.432862409591481,3.333386706266137,261.7977207798055,75.8363149950407,0.23004701500250727,0.4480709999370447
22,S2,fixed,0.9922104514963951,,0.09554880815625402,0.08066980950181618,0.20662451387500394,2.4200942850544855,0.23511903007459528,0.07175087048616774,3.7756485826475656,4.424758350952014,19.65976087499295,42.248114000130954
22,S2,adaptive,0.9922104514963951,,0.09952176797372327,0.08588957837788752,0.21044271079419777,2.5766873513366257,0.24000294303075428,0.07471942308990198,3.793599009179786,4.397117843361024,19.94642574500138,40.45523299987508
23,S3,pid,,1.205537971776808,0.09322891382270572,0.08553450528279316,0.14668228090085053,2.566035158483795,0.180590757635625,0.10237183861410672,140.7360081321962,56.381793077318484,0.21398554500137834,0.6610719999571302
23,S3,fixed,,1.205537971776808,0.06845232269957022,0.06004417420373346,0.11713717552691617,1.8013252261120039,0.19973253604030855,0.048764403535441356,86.87005481511846,4.272200190951959,19.673916736667632,40.01162999998087
23,S3,adaptive,,1.205537971776808,0.07375203282311439,0.06696371263539647,0.12079985224297665,2.0089113790618938,0.19973253604030855,0.05544551519299448,86.98342502315414,4.468381610648371,19.406109688334634,41.49518600002011
24,S2,pid,0.8649938708862694,,0.0704909586309602,0.06315155585916246,0.12097634709522206,1.8945466757748741,0.16446302658940132,0.07045521724611296,30.97959207351155,57.053572034367974,0.209032121662176,0.42081000015059544
24,S2,fixed,0.8649938708862694,,0.08400468722025575,0.07310055407997813,0.15908645102533672,2.193016622399344,0.20551274475748618,0.09097549949600094,3.8518599801345377,4.701695721416569,19.580623938335293,48.85703900004046
24,S2,adaptive,0.8649938708862694,,0.08846368646959595,0.07893791034845336,0.1643505470994239,2.368137310453601,0.2089784991021809,0.0948030034602547,3.7689447624020085,4.595329739661326,19.775868591663464,39.81490999990456
25,S3,pid,,1.2122966335301586,0.08827281495089775,0.08245228851357368,0.1247991664293603,2.4735686554072105,0.14473619873486884,0.08509629202973813,138.93735912374956,54.64195011795879,0.20998615666447526,0.4253719998814631
25,S3,fixed,,1.2122966335301586,0.06924459742646591,0.0617672164719749,0.12497412482157161,1.853016494159247,0.1507688360009504,0.05576310409375345,88.57582482001811,5.139293926646145,19.41607468833657,39.10894099999496
25,S3,adaptive,,1.2122966335301586,0.07509807173322307,0.06905733842438833,0.13008907836214148,2.07172015273165,0.1507688360009504,0.06572567013503097,88.77507237399072,5.491014199096433,18.99482417166458,36.61787800001548
26,S2,pid,1.294698867241523,,0.08036890091560832,0.06993101342499605,0.14476113950378647,2.0979304027498817,0.26118433909240585,0.05532870777605289,41.418798772875284,58.15452022921526,0.21328507000513733,0.7246889999805717
26,S2,fixed,1.294698867241523,,0.13274456360802242,0.10419356566527492,0.2863429724135373,3.125806969958248,0.3236768427828424,0.07938439731603762,3.7743873790546587,4.469768918872652,19.60285456499643,41.759451999951125
26,S2,adaptive,1.294698867241523,,0.13578116379745173,0.10901790494072787,0.2890515610765441,3.270537148221836,0.32657316936002667,0.08077223759498914,3.7928656494151443,4.449371516707664,19.833297009996613,42.45587099990189
27,S3,pid,,1.2738902213876502,0.10346708703891244,0.09659666816566546,0.1448141554682866,2.897900044969964,0.16207899265387032,0.12123404612114248,173.2208137893035,56.000885287510336,0.21846654500298732,0.9784230001059768
27,S3,fixed,,1.2738902213876502,0.06266420622480649,0.05705214232344902,0.10335273414264283,1.7115642697034705,0.13297070557100385,0.026067124601695954,126.68842837219402,4.792855587939982,19.401631023334858,35.426740999810136
27,S3,adaptive,,1.2738902213876502,0.07026941932699061,0.06616156584189371,0.10947372433883334,1.9848469752568114,0.13297070557100385,0.0455984308261696,126.97747267319558,5.147473080543961,19.31709964500328,40.50597100012965
28,S2,pid,1.2456436650241847,,0.07150670168578455,0.0639211067444904,0.1223612032317245,1.9176332023347122,0.1840740365188071,0.09359441931258008,29.76834169539679,57.3196203875186,0.22555771000876726,0.7688809998853685
28,S2,fixed,1.2456436650241847,,0.13074491268808822,0.10011361041123486,0.2745191795171901,3.003408312337046,0.2922079385142191,0.07488290591316407,4.199615429197534,4.934010607755024,19.54635953500315,45.06844499996987
28,S2,adaptive,1.2456436650241847,,0.13496525234913725,0.10713575649746895,0.27881187562981663,3.2140726949240688,0.29679151495112704,0.08223849418283553,4.114258480847411,4.789546723019041,19.99760563167456,37.554035000084696
29,S3,pid,,0.8574080168736071,0.0853026087497754,0.07959924721073826,0.1365762518466026,2.3879774163221477,0.22763026427721436,0.08763744390316569,46.722592374935516,58.55400506188148,0.21448328666375951,0.5824909999319061
29,S3,fixed,,0.8574080168736071,0.07419007651493364,0.06817809674169077,0.13354317945306224,2.0453429022507232,0.1567775643986216,0.07189668669116946,45.577378739802064,4.556352824982028,19.63911264999865,46.67474399980165
29,S3,adaptive,,0.8574080168736071,0.07605082127306066,0.07098506242721414,0.13208290487218666,2.129551872816424,0.1567775643986216,0.07322536393466399,45.651130365367,4.609420126378871,19.774614108333328,44.21279600001071
