kind,ctrl,fail,RMSE_pen
combined,koop_mpc_dob,0,0.023974532361399226
combined,koopstab_mpc_dob,0,0.19657194709663414
combined,lqr_koop_dob,0,0.08915292784528686
combined,lqr_koopstab_dob,0,0.14447873570610537
combined,physlag_mpc_dob,0,0.06590715389122172
combined,pid_dob,0,0.01575210189463046
nominal,koop_mpc_dob,0,0.008006053114907116
nominal,koopstab_mpc_dob,0,0.1921845721451482
nominal,lqr_koop_dob,0,0.04381454301661556
nominal,lqr_koopstab_dob,0,0.0702273594037281
nominal,physlag_mpc_dob,0,0.05047241743871214
nominal,pid_dob,0,0.007551225945913927
payload,koop_mpc_dob,0,0.007635522521854386
payload,koopstab_mpc_dob,0,0.19214855672591885
payload,lqr_koop_dob,0,0.05715443539128601
payload,lqr_koopstab_dob,0,0.0931898780452663
payload,physlag_mpc_dob,0,0.05253682897444713
payload,pid_dob,0,0.009896983985388203
wind,koop_mpc_dob,0,0.026292577893029415
wind,koopstab_mpc_dob,0,0.1969372331562789
wind,lqr_koop_dob,0,0.10111356015101705
wind,lqr_koopstab_dob,0,0.16277112014940373
wind,physlag_mpc_dob,0,0.06799506145866223
wind,pid_dob,0,0.01643954558455527
