controller,n,n_fail,success_pct,RMSE_median,RMSE_q25,RMSE_q75,RMSE_pen_mean,P95_med,CV_med,CPU_ms
PID+DOB (tuned),32,2,93.75,0.04618339818514694,0.0336992574923387,0.06648002425611635,0.11117150947073495,0.058140160258677395,1.0906674175507107,0.46835144520971317
Gray-box MPC+DOB,32,1,96.875,0.14629453623254882,0.1102208079773581,0.19340065775159004,0.17137034933181097,0.17752909637161726,0.38444041827621867,2.0656500689709567
Koopman MPC+DOB,32,4,87.5,0.14035357698204765,0.11448198162038167,0.22707650186450878,0.2851483250207859,0.23499601045735757,34.444965824400484,4.17880175698538
Koopman-stable MPC+DOB,32,24,25.0,0.3487228169309691,0.32413017998751775,0.35676502594610177,0.8353299333683941,0.5660487198839192,4.731355307989261,5.065939379774241
Koopman-stable+LQR+DOB,32,16,50.0,0.3543378389153698,0.29220022858047784,0.43668030739031743,0.6752300198271468,0.5886460585358285,4.755689763201845,0.38701951572902893
Koopman(brut)+LQR+DOB,32,4,87.5,0.21389817164705932,0.13127198769150455,0.29883165945227114,0.3204237387881075,0.3299597799869888,20.96716559219503,0.4033720673145363
Koopman MPC (no DOB),32,2,93.75,0.2696657007624775,0.20032833655222354,0.3177565563140862,0.3187797656921817,0.445299894937207,49.47608398663142,4.004012605424847
Gray-box MPC (no DOB),32,1,96.875,0.19109133914962095,0.15779389885224784,0.22315731196470956,0.22503428757881014,0.23918285461444033,0.2581548413586884,2.01855511747803
Koopman-stable MPC (no DOB),32,27,15.625,0.2872913934830112,0.26378324954151544,0.3245061039952848,0.8887739946463115,0.42675653423768795,3.989585619673872,4.207859377363054
Koopman-lin+DOB,32,32,0.0,,,,1.0,,54.017776181884656,3.8615601156666313
Naive physics MPC+DOB,32,1,96.875,0.25296883381792473,0.19971349632476834,0.30911713184919126,0.27302534572032455,0.31152450399778703,0.1374681813714763,2.0002346959379342
Koopman-drag+DOB,32,32,0.0,,,,1.0,,64.97248146730519,3.8017672862602665
Koopman-lag+DOB,32,6,81.25,0.1221339535216022,0.08536667625336938,0.19852187995718026,0.31788892657815365,0.17896764498677736,46.366734290062695,4.114267102950023
Koopman-full+DOB,32,4,87.5,0.14035357698204765,0.11448198162038167,0.22707650186450878,0.2851483250207859,0.23499601045735757,34.444965824400484,4.365196238033139
